{
  "Latitude": {
    "mean": 56.88499731592655,
    "std": 0.8709140317940905
  },
  "Longitude": {
    "mean": 9.741140337510025,
    "std": 1.4214155429324047
  },
  "ROT": {
    "mean": 0.0035842730515829005,
    "std": 1.9611667317361323
  },
  "SOG": {
    "mean": 1.0194752718040552,
    "std": 2.1959298475662585
  },
  "COG": {
    "mean": 195.1690073882846,
    "std": 109.38061025905385
  },
  "Heading": {
    "mean": 185.92713783339414,
    "std": 99.52145928031099
  },
  "Draught": {
    "mean": 4.039698130288728,
    "std": 2.101866956295892
  },
  "Width": {
    "mean": 6.902688039288939,
    "std": 3.177125684854674
  },
  "Length": {
    "mean": 26.50408904880995,
    "std": 17.264001201792297
  }
}